273870578 |Jason Derulo feat. Snoop Dogg| Wiggle 205 http://cs9-5v4.vk.me/p16/a0e606fdbacef0.mp3?extra=mOfyBSWEl-jrVzxsNKsDI3sz_6Z9Cv_M_vf-562isGdMBqYr5mZOvr1tGYdlClMvR5tc33VWTdaPjXCV6GzDAqlyjNr0sBE
205426501 Stromae | Papaoutai  (Radio Edit)  | 232 http://cs9-3v4.vk.me/p19/12e64df289e87b.mp3?extra=mJ5r9jRMTGyzcDTsps5jiFOw-E8ACRR79nIcfwGrm40q4ITfUeZsyHrV7HX3jXxoMN9dfyxw7cfV7ESG6bxovzs94sV3NEE
204349086 |Martin Garrix &amp; Bassjackers &amp; Trendsetter | |Animals (remix)| 232 http://cs521107.vk.me/u12066755/audios/46c6fa7a18be.mp3?extra=DQlvOPCZrCvbeu_snnqvyW8k27sq5rlTidOkVRHCPXLkmKqgtLlMNeMgUlHCdzeM9Tac0LP8-XsJh7wrDvqdvztRT1Lwiw
157727531 30.02 |Звёзды в лужах делить с тобой, Тёплый ужин делить с тобой| 186 http://cs9-6v4.vk.me/p9/ed56cdeea1bf9d.mp3?extra=mHkiKcnm_ex8o-_ueULYlP9hfi_rz4tVNzHkcGj1mqLpRnuza4kVj1mnsJHnER76io0AYprjXuY46OjjlzTUyKK5GQ0T
214627708 |Ellie Goulding| Burn 234 http://cs9-1v4.vk.me/p7/04875beefb31f8.mp3?extra=KoDOfSOd5NAFQ0d2EJ0Mbs5mPK0L-lZVaZbrl9Z2KMlepAj9LAZNDo5DFzLjipX8YEPtUEZAAMd_W03hk6DVz7DhCktPwA
239785529 |Yellow Claw| |Shotgun (feat. Rochelle)| 193 http://cs9-7v4.vk.me/p3/d91898290698a2.mp3?extra=2RtFkUSAd1q7iYnBclTbd6Mo3iXJzHUmWSzqS5hk9LLxCIzXK5_bgpV0eycznYL1O2okcB0e-E36tRwi5cog99B0cz4_LA
269301670 Sia Chandelier 216 http://cs9-10v4.vk.me/p12/1b923ebf6f7bd5.mp3?extra=LzcvSEIzyixPM5tA3UXt9MyUtGAhs2asaWaLVThhfdb44XjrmF9QtLl4cvH_UKfn02TAd52fZySa-eZHwO2puA6x7kPTr9o
97748865 |Bahh Tee| |10 лет спустя (SunJinn prod.)| 285 http://cs9-3v4.vk.me/p17/658dc16246b5cb.mp3?extra=ycdqecPg9yk3X64HBDQ2fBbmm7yTBEqjrUMZH5V2NNRjf9KFtB8VHbBTgRTVQP-KUL86LR0sFqWNnBoCC-QH5Zws6pWu6g
231324564 |Katy Perry| |Dark Horse (feat. Juicy J)| 215 http://cs9-1v4.vk.me/p16/9dd488fdecd883.mp3?extra=lJS-DtuXfVgu_FQWgTOtG4oKSE_0vM3134jv2tsRNUwTwIK_F-55_pmFbnYhCwAMYPZqTa6pJxQOxSU3tJtB1eZHCZIYMyo
211758247 |Avicii feat. Aloe Blacc| |Wake Me Up| 249 http://cs9-3v4.vk.me/p9/6bad89b5a2b76f.mp3?extra=JRa3u_RfLnD62hLVHk-QcytlAOD1a5FNA24kWkuSVU17wD6Dgg3d78A5vXbdth4gA7P2xfHM4Ikj-dmbrquaONNH9e6vUg
121667046 |Время и Стекло| |Знай, что ангелы не спят| 209 http://cs9-3v4.vk.me/p17/83f8099b0c7cb4.mp3?extra=Mac1Cq5rNho3007-xKFU22xAL8zVKgpdIMpGxxyR43FusAOWo7O36cq3RnBJ9PN2quiRNBmvFo3EtgKneZyjGISZGm9tAA
152735141 |Capital Cities| |Safe And Sound| 193 http://cs9-3v4.vk.me/p14/fae705593fd3bc.mp3?extra=Z-m7aeE1v_sW1tlMdgZIpntnRtceuYO6O_NgjpkhEzRaythF4l6vlhopYZFZHpbvvt5CWSetftclvfo7MMyetc44ZoSq3w
239509881 Бьянка |Ногами Руками| 194 http://cs9-12v4.vk.me/p4/6702f6081b13f6.mp3?extra=eD5HWFHamChjBDexSaqx7RF6hNYbxK8S3iJXOmPrEx3JzbwCW4ExS-uza-ML0IcHQRbX-mS7YsBfNyKWGMZaON7p_amomZQ
119221848 Nickelback |When We Stand Together| 190 http://cs9-1v4.vk.me/p14/8e2d01711a7459.mp3?extra=MoPHpdDt8Zl1SjxGpHY8Nphkke4kN1hRtnWK6mdPFlkC_uuYTeEWBt3ig-V48HgnGMqleh5-kvbX_l1eXY4IS49tYH2-xg
197739846 |David Guetta Feat. Ne-Yo &amp; Akon| |Play Hard (Version 2013)| 206 http://cs9-6v4.vk.me/p19/d24437fb2ce003.mp3?extra=Ck1IJYFHIWg-2vHmAWAXw7JRwjcFUR2Rne6nOaJajLVovnmQMxZUXtQji8PyoDrLvAmtYTrziRkgd9rDwlL-HJXbxrUpUMo
190987893 |Alex Hepburn| Under 247 http://cs9-8v4.vk.me/p12/e236a6695e229a.mp3?extra=JZD0_DEn3ZvD5rJVahOOLocKgl64iXSnDkeXolQkY9_7A5hKHfMzNu-CuBs4UCQRHAGbfFMNJr_Tcw_sx0p4IRNgE7_wNw
214728870 |Artik pres. Asti| |Больше, Чем Любовь 2013 || GiYaS| 174 http://cs9-7v4.vk.me/p7/bd63daeaf5a29a.mp3?extra=4lnj8N1ULnTTtj--Ea5TFc-cAcEJzL2OAvHro2JbTK7Z8ZVq8xsnWdlkeLbZlb259fBmjEnNGHpgQt_1RYIatH3BzCvtJQ
210364111 SEREBRO MiMiMi 192 http://cs9-10v4.vk.me/p6/236b774a0c4863.mp3?extra=b0pT1Zj6pgEI80uGYMuLGfIJlKazQi-79zeOfawqxtPpzYePIA76_AEbsBIUyBywhh5Swae0wBYbaCC38C0cqhgjUPPY
93454535 |Drake feat. Kanye West, Lil Wayne &amp; Eminem | |Monster (Untz Remix)| 318 http://cs9-5v4.vk.me/p3/097e07a02c251d.mp3?extra=59Gq5kBjVrH5M6tcUjZ3NrFedlhSvjH1B__b9b7nzlw8nTET30kIbDNz2ZQkY2FKTdAo_OW0es_AOVoTUdpQpXkUPjM
126634792 Лоя |Розы Темно-Алые_2011| 187 http://cs9-4v4.vk.me/p5/8bef0ca4ddc6c3.mp3?extra=qLUFbNzI1JtePplGpLftP0akZOcgJffBsu3PrWZWLx5EvjbbcvWrbr2D1mJXOIG-HcSeh4cgeABaRqG0jFS3Js1m6w_Hbdk
211808363 Stromae |Tous Les Memes| 168 http://cs536502.vk.me/u191830042/audios/28df2b0210b0.mp3?extra=95JqnOETPNkoMdcMLmO3OMJg4hnHeIkvrVYdFP6Cazo9wC4_0PS78KNPxVhNHGE3nVgnW_dr3V0tdssXLyn6x-5wn6DWhKg
145615772 |Bel Suono &amp; DJ Magic Finger| |Te Quiero (Vocal Mix) 2012| 184 http://cs9-2v4.vk.me/p20/11b8e4f791bc88.mp3?extra=cyzKJ7IcLQB83sKry4R7vxn58LfOLSA4ygqGrQxzCzfxAff8J9_9rClOBn53NfOHGgz5Ii1pTT3p1K8S4ze2rvl1sPGvlA
195117923 |ZippO | |Остаток слов  (А че бы не Rec.)| 190 http://cs9-7v4.vk.me/p4/16be09116bd852.mp3?extra=1P6GiH6penl2EWDktAyK_rl6NqS9Vr9_4T0T4UDAMbdXJ4wE8QRvl12xI2baLnHs1iGXs5nCuNt5YaMXeIFn_aZuWXqfBg
206825984 |Naughty Boy, Sam Smith| |La La La| 220 http://cs9-8v4.vk.me/p7/26ef13187091a4.mp3?extra=A4Vg78CYHix4W5mA8z44JO24zXLoLIXqJsOw9949wMSifQQVTOouJj1cyi6-eT5D8WaGbZ4ANJNZWSmVB8r_TvoNJfZD5-k
105983026 |Дима Карташов| |Давай Останемся Никем | 256 http://cs9-5v4.vk.me/p14/8c26404d29c5ea.mp3?extra=x7kv1sJzQ_yDTHqXssE6Vgbgpo0B8eqh-gc9pRB8rcMVmMJrwFUip-JheEjDCrLqfs60kNj8NNlJRxCF8RDzUhRcFMme
91388075 Баста |Ты та, что всегда была рядом со мной| 245 http://cs9-5v4.vk.me/p6/41ff20ab2e0817.mp3?extra=tpARjTO1PNX_qqc7NNAk2aV93cPijq4iFmNdRBZfXk8fy_DxQ_--HHyWLOZKlqrCbAjOEX91Hzn-e4u7kEFUomlJXH0
229520548 Ylvis |The Fox (HQ 320kbbs vk.com/kinpass)| 212 http://cs9-1v4.vk.me/p14/ad4359f1f8fc28.mp3?extra=1Ub93EJU4jp41Sl_hUJVDqLb1wpyNXJ8QujdzXpSdTC0lvf6W23txkAONhas00tPhw29XHTcHKxFiWFD1_o30sgYf-boZw
113287041 |Потап и Настя Каменских| |Если вдруг| 202 http://cs9-1v4.vk.me/p14/c53bd3389351fc.mp3?extra=dHB9luqpLcOdqlDvv24BhuNAbONAA1ByM54zPmgqIJoUMp-HcV8A1QDj-qzV_z7vgz9Mb8apuSRDzJ2Ne_sRZq7hNPtzyw
145928832 |The Fast and the Furious 6 / Release Date 23 may 2013| |Release Date 23 may 2013| 139 http://cs9-5v4.vk.me/p6/9d6c0f321a01ca.mp3?extra=7DP8KUac4sStX9Ch7ltZPECuUIPyf2La_QHYYI4S-R5rcsAEvpw0-vRNCywbv7FWj9WJSqb5T3AbnHDJz5lemoYlgBUrRg
134716831 Skrillex |Go On (Extended Edit)| 171 http://cs9-2v4.vk.me/p7/56ca8a1c3c15d6.mp3?extra=IZf9eLpQ75ch0Z98crY5gNqcB12vo9TPx9R7Q8UKPTuYyVq6yt0Qu7pHyelnX-c2_-DRLXqwiM8rPPqb3LqffLfQTEQxjA
97018287 AWOLNATION Sail 264 http://cs9-1v4.vk.me/p16/6a31843e2406b8.mp3?extra=NqPm6ZjrPp2BGhB2VyFM-SM5BnExaJTMclL789h8y5gX6Z58lS9Vuhp4L2bQaM4IdUh0rWeGPkACGwhphuRNeRDZ6w
176261788 |Бьянка и Птаха| |Дымом В Облака| 234 http://cs9-4v4.vk.me/p23/296ce3371d548a.mp3?extra=YXqgpRqeLk29UNr2FNHQQWCUDU7KxWLHi-uyZomGUOk81ndlUv-ZBR4iORugwM8KlDzfE4ZsP3_mGVvm5-bBnFg6oarA6HU
226646403 |DJ Snake x Lil' Jon| |Turn Down For What| 230 http://cs6192.vk.me/u81993477/audios/cceb5af42eba.mp3?extra=0LL_Viz7Oz4w7GVkTFC87qJgdtsexilXcimtgX7ckLM46BoTZ8rDA1x_u2g-6AGTbtJz3ZEcmQjM-HfCA9tA7UwgsQMC_Q
155294290 |Макс Корж| |Летай со мной в темноте (2012)| 181 http://cs9-2v4.vk.me/p1/0b44468a024c6d.mp3?extra=wLgUYZX6w-1W9B2IsqfkztlTvUVN3e5OoFPAgo4gW0tWwxmlXQ0jzauqM4p37c9GRTyO6ykyNSCanV6sCDvRA1dbuQStEoU
105262104 Imany |You Will Never Know| 228 http://cs9-1v4.vk.me/p11/c77ab9693aba50.mp3?extra=ur1tLQi9CrGLKom9nOMh3SVYqGG1Qr8H4ThDFq7Zr3tJ3Opkl81WDDUGbYiIpwFbfevSavo6Uv1G3r7O7ckhOvEFOfkFRw
147646801 25/17 Звезда 270 http://cs9-6v4.vk.me/p6/ccf382b812a232.mp3?extra=EBwQIrvU83i_MEm8QT_ICs7fBHO_rzU2RtXF2-nw-tiH-xBVuh6KCAAfjA_6gZyKm3ISk-D9DwNRInHQS0VNLHqduG68dw
219402581 |Katy Perry| Roar 222 http://cs9-10v4.vk.me/p19/3d0f64a70a5792.mp3?extra=NPZlkjeWQRDfm3JRgO_inxfK0kRju2zVp88MwAX6PGT9QtrwbFDvyKZMYHyGeV4JHerjlGWHjt7XFAn93gJep1kgyBfk
228392162 |Artik pres. Asti| |Очень Очень [New Music - vk.com/nomuzlife]| 180 http://cs9-4v4.vk.me/p23/3a36f69dc076d3.mp3?extra=Z04InD6f6TAbjttYOhQ9RUKZnJTTZoJ52IqOg8Yfh4f15JipJOysIamFqn713JorAoDEHAUnEn_DaKs9DeThkaoAPrQ45Q
115559051 |David Guetta| |Titanium (feat. Sia)| 245 http://cs9-5v4.vk.me/p2/3c662d97592520.mp3?extra=DQpmcfv7H4e2gRLzMys7o-7D77fCENyRe1OayNNNpsRRe_h1PaH5LMRN_-YsrKRsdictDkTIf1hbTm9JoQHpaiixsCm5uw
92553083 |Linkin Park| |In The End| 218 http://cs9-2v4.vk.me/p14/8815e05f759ca9.mp3?extra=HnMSfAOfLBbed-WIY7akn1hl1ZyKSMl2wv2T6a9FWmGYeKCvHjlMn-faT5hSSVysmRmVLW2BtnL5Tv9_TzA6VT9Z-wwQ
169932394 |Баста ft Тати| |Ты Моя Вселенная| 211 http://cs9-3v4.vk.me/p5/fa5b5ca84f2e09.mp3?extra=1zD5Oy17tVbzGFX41NgDBe7Lb2RKqvACZ-Cx2bXhEJqq_CO3LN8ghBq9N1tizgMgHS6NkrblX7scEg07g0ee3sE7PgcbHQ
109458796 | LMFAO| |Sorry For Party Rocking (2011)| 203 http://cs9-2v4.vk.me/p4/86ef415f19a9f5.mp3?extra=e4VkDYQHBTomVD6VulV5B70k_Qh9kXUQ9iHHsSKT8t4c9eSJNDXZL9bK5Q-kuzTq0JK8uWILn0AhK8vAWKXrwMr2dPahsRU
38583864 |Red Hot Chili Peppers| Californication 321 http://cs9-4v4.vk.me/p18/fb20dc7461e9fb.mp3?extra=pi6q_1rOj-C9Bma1oy7-WtXDUNYwnGYmTSE3rsAxef5GY0pDElD8pp-EqYRdIV1_VTgPpXRHxVopsxnJDniAsiDiIxs
194274275 |Anise K feat. Bella Blue &amp; Snoop Dogg| |Walking On Air| 228 http://cs6121.vk.me/u67405774/audios/d00a655e5dc6.mp3?extra=pUljRXW7sUr9EKBQ9ph2wEH7ruh7l_5uisnFZdzXpuydj_QdAET3n7MYsytjWvG_FIpPSR17SSYYtemEKF3qpNaBAlW2SA
102148998 |.::Best Club Ringtones::. [Producer E.P.E] 2011-2012| |Ringtone Club №4 Теги [ Electro;Trance; House;Hard ; Club; Remix; Рингтоны; Бомба; Казантип; kazantip Mix Original Клубнячек Клуб Dance ТАнцы Бассы Bass Супер || Январь Февраль Март Апрель Май Июнь Июль Август Сентябрь Октябрь Ноябрь Декабрь || Музыка Dj Cj| 214 http://cs9-3v4.vk.me/p13/eb22134e42bae7.mp3?extra=ievJ2jRZPVird3w9oGGd-P0uDS4gf3ncvQZSD4t56UbsZES7xMFnuyxl1GE0Opig4RP2jHIQubuITIw553MNIKTjlXqLmmQ
207508053 HOMIE |Безумно можно быть первым| 232 http://cs9-5v4.vk.me/p21/7986e83d8904bb.mp3?extra=i3p-AMDWToVrLdQTBUDK2Tr9GU4GbKdW2PsmqHwr_eOC7Z6ote_DV2jL0rrKa9gVT-7XKzN8uWolgc-fsL57-PQxnVKo
165326630 |МАКС КОРЖ| |ВРЕМЯ (Prod. by Sasha Plus)| 285 http://cs9-2v4.vk.me/p8/8acab0c53d3c12.mp3?extra=u1pagGRdBXNYkr7zhZAz1xqYCMsjdxZ8fWSCTG-o_Kn1j-cB1klUTBjcjpXg3H4rWHVBdKr89JKKwH17m08g2zeTfr--
80885922 Scorpions |Still loving you| 371 http://cs9-5v4.vk.me/p5/eecb3b283ccd10.mp3?extra=IuJo_hL90ElsIxsxixt8m_zlVAthPOl4cYWiEKy8rmTBiGPgBRw9nCKDnr6bbg77B9jVSFHZlQZJH94hQ0nbKktleyo
133227121 Jandro |И через года| 206 http://cs9-5v4.vk.me/p2/55ffc2b3e40b57.mp3?extra=agZ53NHP31koBbMdKnJ0K3mZ1XNRxVF0Ef7JCUKwcA8f9KfaMPXxPMqohjnPVh0nRlcJdX5X17sIlYzvn_gsQDhPvyjo6Q
209617182 |Selena Gomez| |Slow Down| 210 http://cs9-1v4.vk.me/p6/7449370ed06b01.mp3?extra=lxaU9bL78lHkS9rR2OexeT4QZ5XwY8M2B_NUfIbKifqxISFY1sVN6XRFNKoQpZj-lCbqVgV6Mz7lNvQJHlYYjNoqFU5IJg
229214494 |Андрей Леницкий| |Обними меня (MC 77 prod.)| 190 http://cs9-10v4.vk.me/p6/9014ff24cae3d7.mp3?extra=RKHvOLXa1Hrme39mtSFXDcWVbcQta3orK3CtbtX7pVXRrM44sPdUewVQNlPo0bDjnRiVNshvXeKSefiZyvhJXOVAhD5q
80353053 |Kevin Rudolf| |In The City| 185 http://cs9-3v4.vk.me/p24/cbcf4d45e20490.mp3?extra=1eD5RYnApoRU0UKHsJIIQbwqVo3wPuVdmOjLUfORa60PgRYN-IrNdT1ZI3mRLnQ6mQeESucrOkPfR3lX9url3qV_V9MR
216580328 |Дима Билан| Малыш(2013) 230 http://cs9-3v4.vk.me/p11/366f04f86df12e.mp3?extra=IdH22JIqH1Mg9wiXkV4nqxK6AKmrYmMII19SOFl1pf9Ue-xeo9MKoUHl5fcYxHH0slVosAsXOz5qkI-VQXsYVBwpm0Ds9g
198238587 Эллаи |В любви нет чужих (Prod. Tematik 2013) vk  http://vk.com/ellai1111| 209 http://cs9-4v4.vk.me/p1/320e62a8a8178b.mp3?extra=Cxcu0yYFnRvSRFpepNO58haixyYLl8QCjDnwaIRcT3VCu3UrstqAkyDf9Kk-KEA00NCWajxRVKEU0iiL3h2_6GFK1BSZDw
274650480 |Pitbull feat. Jennifer Lopez &amp; Claudia Leitte| |We Are One (Ole Ola) | 224 http://cs9-12v4.vk.me/p24/06ce63a2436556.mp3?extra=WIIzQv_Xi8BhwsGnsQlmVXr4KNzUnvlBRJxXTibZRJO6chXA_PzyiJaNQm8PmGG32q1V0w1fqiIy5IWpCHg360H7-Vq5
282099373 |Calvin Harris| |Summer (Radio Edit)| 222 http://cs9-14v4.vk.me/p7/7e6f2dcd2c061c.mp3?extra=dM_BJY2Iz6CHJbfcJe2MVDVqsaKi98LVohPXYLksLDUh7O3FLz7tQF4EBOsmaYoEYxy_cs4ZAgDJOtkabSsZBe3AddcuO4A
128581645 |Flo Rida Feat. Sia| |Wild Ones| 233 http://cs9-6v4.vk.me/p24/b20810fda68e7c.mp3?extra=3r2JNZGwHUP58RV7AtIaRSvkulMr-Ye8Y04Uzq8MB0BXclrT8VdvJ_DoSTKCSKNrOu13ZcTR0q5tLd76fSLd2lfrvb78
127777661 |Би 2| Молитва 339 http://cs9-1v4.vk.me/p12/360bd4c921ac3d.mp3?extra=D2LMzZpG_efQUJmsr-sINyqNVveiGBFK9C7yUs4ISbzbEmmJns9bUESVl89OZC5TnA3ZNESO932BlyfIRabC00JlSgJoJA
91086917 |  Elvira T | |Эти роли не для нас | 237 http://cs9-2v4.vk.me/p12/2c727628519972.mp3?extra=PRAhUFWCXN8PzeRjCic2As7xJlyMGiAXjeAxkt2-a7JSt5S6wRdx5-c9He0PKTIuYCcvbVA-h6K5F7ldEPIhmg_CKWyW
269746267 | DFM 2014 || Imany| |You Will Never Know (Ivan Spell &amp; Daniel Magre Reboot)| 329 http://cs9-8v4.vk.me/p22/a0b532adc5822e.mp3?extra=MLSFntTffIWU48_xQtTVaH2VmPEoxVXts0xXZr8mRGu66FxSK0VusTfBJ3ohka9fMIWvAcJPskTOmHc6PM3d7_4w_0_xMDc
214558304 |HOMIE ft Dramma| |Давай забудем лето| 267 http://cs9-3v4.vk.me/p4/a4e2136363b7f8.mp3?extra=oIL82dnOC3q9_CXCCueP9HDVCKUk-3_NU_BaoNDfqPoE9TUpKRQddemaumWB-YJpCLjMUT8gcbwOPfD4gyXi8Gtzypbh
247055891 |Эльбрус Джанмирзоев &amp; Alexandros| Бродяга 245 http://cs9-15v4.vk.me/p1/b2a6a5d0b971b4.mp3?extra=nNAq4dueDU_Ueh6Vld_NVd0jCva1zGFZAhfAWn3gOhPz68Uy-d2RBcLi0-SE8aVxgA1f5Z04yj2sUxpT0FWgiChEoQqsgg
270746462 |Gorky Park| |Moscow Calling (OST "ФИЗРУК" на ТНТ) - Soundvor.ru| 295 http://cs9-14v4.vk.me/p11/f798f4c974cc55.mp3?extra=1Jm6bYZXQQa2N_LC4e1iHZgVqexhpBYEeZDXzxK9_m2DWBTUFY4Vvq1YI8ld6RhzTuqGRo_KRNhK5NQ02CQKEuwvHB539Ps
76387926 Рождество |Ты знаешь, так хочется жить..| 252 http://cs9-2v4.vk.me/p8/2a8aa7aa865b61.mp3?extra=VccFVJNm9l7cwKHkU2AiXchZhiswSDtciIPIgCPaOI8eDRUNlc066fGzSY8HQvggj5sq2Xzunw5e_dy_VjqEXiL_tXs
250856609 |Иван Дорн и Кравц| | Прониклась Мной | 173 http://cs9-11v4.vk.me/p11/797c49abd92a69.mp3?extra=SwdYHXUzvBbRlM2EAUENUMY-phG-10iHY27ATOTC4YoWIAjMQCYaJ6LSguFZuct0MYZlyy4Vgl60UuinHyGbNIxePhAC9Og
94730110 |Elvira T| |Одержима [All Stars rec.]| 182 http://cs9-5v4.vk.me/p20/d59e4134441465.mp3?extra=X3_cz2DHniItSa9HqXbwEZBRNfGZ5ImyEdxfGphkFpc9hI8lmM-TS5wdvBDQP_mULWseZCUfu5guKdZJ1aJeUpJn2niS
213659749 |Martin Garrix| |Animals (Original Mix)| 313 http://cs9-7v4.vk.me/p24/86458c1293e214.mp3?extra=j5Qz0wJknahSHWRfQdLURYcYjWx34GEgRcV8hL8UaEqOb7R1ArM5BTdlwKbbtLS_FlwDm-mOmCym3TMSo2KKO4UcQ-xaYg
87315309 Mattafix |Big City Life| 240 http://cs9-2v4.vk.me/p10/3b24a4a1332e64.mp3?extra=pj-6BfcC-wigDLD9uL7Xh1XxG9fTf3hY0gTQc8FIpU676XWv4EfPU63k9Z3VDRK7T3YHz9v4LnQO_OJIDCtZ6qDjUFw1
84185068 Бумбокс Вахтерам 240 http://cs9-1v4.vk.me/p17/fd51bd7f1c1a90.mp3?extra=ie13-vxmuoU1G0LfRiyOHuDUPy8qga4OZRECDZPdTH7OLdGFHTO0DZAuE8tqq5D3c3YaeToQpji8jyeyYgNVooU24Q
109176183 Бумбокс |Скажи как мне жить| 204 http://cs9-5v4.vk.me/p3/f2c656a1c6408c.mp3?extra=EZZRvz-86PVDtPv45R_9H9W8xsVgIxnGus49aNbjamU3SR6gA16I67KisANisdAyhyP7o6EdeoKFCXX3Lz_2mL3Qq_-KGg
261204969 Бьянка |Я не отступлю (2014)| 186 http://cs9-11v4.vk.me/p24/4e566ccb24cb17.mp3?extra=6O24y_yO6ujtRC7tqwGfgbT9dYrqhyQy1hL6yS3HyWfONFFcwxNyXBF2A-l9xghudMhL07RY_yOj4h_pIc48MORZfT4E
206925588 |Dan Balan feat. Tany Vander &amp; Brasco| |Lendo Calendo (Radio Edition 2013) (htp://vk.com/muzikaaa)| 208 http://cs9-3v4.vk.me/p5/073a0e8ac806ae.mp3?extra=QhiQ9oM4glD5zhG3J1ziKiAv_mAlo2VrE-s_U-Xk-VSylkXbiwEMmsckpSqs7UyfuZzvAVWQQ7_E00mPKDb26_CS8cKuPA
219612516 |Макс Корж| |Жить в кайф | 180 http://cs9-7v4.vk.me/p4/88320f4949438e.mp3?extra=xzZQYgglJbJih8liDW9LC1OXAcHhh0y_ET1XnaXsmRBs2OyOKIQ3DHwmk4CleWqUdU9Xga1EzbeUaa2hMxBcejTHB48TYQ
176388029 |Потап и Настя| РуРуРу 179 http://cs9-5v4.vk.me/p18/3dc69a3c3ad09b.mp3?extra=7Kn7DOVwYgwQvvpXrPxjafsrY5VjBFYiZP7MzP-ErbYFLksACzsbGyEk9O3svTqEaECIdiRjKdi4dzdDl_v0mo4HH5w3oFw
200863026 |Radio Record| |L'One - Все Танцуют Локтями (Magnit &amp; Slider Remix) (Radio Record) vk.com/recordchelny| 134 http://cs9-8v4.vk.me/p6/62c4d5e4274c2b.mp3?extra=QpSV0WyGVzvNDfb-_8Faoaa71iYL1NGlHW3dgnN1HUuGsOacgJsYs4vbRbssw2axPaywnyYZaD0dHf4hhS8FZ8u8dRTT
230734466 |DVBBS ft. Borgeous| |Tsunami [Radio Edit]| 186 http://cs9-13v4.vk.me/p18/bb44de438ef46f.mp3?extra=0mHbN09aACifGQGJuTeUT5gpIaxmJhqQn_xUQiAcYn6Vzx0fTwNOxGUtZVm8AAWCB8Jm4SayOGtzyjwfwp_Qo10_IGQX0ZI
307417090 |Егор Крид / KReeD | |Самая Самая| 222 http://cs9-10v4.vk.me/p23/4758457c626253.mp3?extra=KJ37bec86w7syL8ePSly6qfvvwN6UMpgBy74ItNd9w8t0qAWRRSGoG5sQ3kCCsyhZ_uO7aVsZY2PMn7Cn2pDxvCszfSEruE
233347543 |Yellow Claw| |DJ Turn It Up| 211 http://cs9-4v4.vk.me/p22/b13b81c72cbe57.mp3?extra=VbzoX2CVkdjBVKXnsvR6cRsMIsM7umdA1F0-wXZkir6ePb5eat7sE9iZnUzo-tn0q2cQ_RuWSx0RE62FoAUVOhM8NMWA-w
144963160 |The Wanted| |Chasing The Sun | 199 http://cs9-5v4.vk.me/p5/9f347e5d84428e.mp3?extra=tUOBCdW08tHzz3UjRWnhsovEBRqqZGl_TY4ad9tMFidQXFxkvpLOntsf5vS9avpAZa8-tArLlIVgfnwJHaSpUElCmOy0oA
132227378 |Егор Крид / KReeD| |Вот оно счастье (09/01/2012) | 200 http://cs9-2v4.vk.me/p10/3f39d306164dfd.mp3?extra=SSZ_qbtUxndt9TM6YJ9VzT3TjItIpnAWA9L3NVVUqRUNd8EBm8ZA6OX--1cu3qHwBSTwGgDz24px4rr2WKOg0rV7x248Bg
81537670 |Макс Корж| |Где твоя любовь, сука| 170 http://cs9-2v4.vk.me/p23/a7a17950a7d543.mp3?extra=6I8ABdkOFCxgU5pAzG9o_sYKvnKQFHP2weJCya4bB6X7dNx2BAzca4BBtKHnWtKfF1GkEH7BfSVdqqgVMIjOnLk3NX5l
249209607 ZippO Ребёнок 207 http://cs9-12v4.vk.me/p21/5f006b611e7c20.mp3?extra=5fKszt_lJcxO_tOCrTCV35eqRxd1yWZDagvPPVtn4HhfjowbD5FIAhOnSzkPy3A58-Ii5J3eHNOMaPueNY7KbIWBvDmaLw
222463345 Eminem Survival 272 http://cs9-10v4.vk.me/p11/143d1698ece7a1.mp3?extra=et6kqyxivK5bq_rV8nJ54M_sIgCXzxZ6gr77YYGyT08EH0-jEFpmZ2T3qTWVo74OZzWNokZlxbE_a0B00JCUVcgRIwJxeg
90445146 |Bruno Mars| Grenade 223 http://cs9-1v4.vk.me/p3/f854b34016bcd7.mp3?extra=u6ITugbgPmKTW5fCg-4eNFGA3lWfJLhGXkbf6895z1cH8yvOVz_0JHZ0-T4KTkPB3YobjrwntLOAWMG99luRsngvhw
103124001 | far east movement| |Girls On The Dance Floor (OST Пираньи 3D)| 237 http://cs9-4v4.vk.me/p15/dc1ea1528abe90.mp3?extra=vOa5t7wV5E9IHJ1l7ReYX5VxyS_kKYiOfjpDjeLXZOt6gSwL1hovPOwahBt3vSfDhxYX40Ttr3z3zei_3I_2ndQfC6Dp
166359956 |Ани Лорак| |Зажигай Сердце | 214 http://cs9-3v4.vk.me/p13/a6977a3999dd3b.mp3?extra=JXDlxHJrMliEVriByHDypeAhqJOX0JH579SGxyWVsF1U5ALZsCxHbOYIIZpWM-m2wjhdsj67qieOgKxdkUVU3DS-jg9GpA
194589720 |Mind Vortex| |Alive (Radio Edit)| 180 http://cs9-5v4.vk.me/p5/41f2f5c2ddaad2.mp3?extra=uYfg6yQ9w7Xlk20EDFAR1EYk0FOo6UENGqPEy4EnkkveHRHZj5sm3zmj1AGGalp0e2QN3GFjs1xPd8-LgUOr-8RoXpDbAw
101341019 KReeD |Слово - Люблю Потеряло Свой Смысл [Любовь в сети] [СТИРАЕМ СКОБКИ ПРИ ДОБАВЛЕНИИ К СЕБЕ]| 169 http://cs9-2v4.vk.me/p15/a9bab0ed3a28ae.mp3?extra=CV4UI667Y44levpRy84Gp2vzhDjZCH3NNVtooOuAfFi64QeaR51D1SxEZkPjS4OrcO4OwVKSVYDaSjAiWE0qYpnTBbBqEQ
259707121 |DFM 2014| |David Guetta - Shot Me Down (feat. Skylar Grey)| 191 http://cs9-10v4.vk.me/p14/da56a103ce063a.mp3?extra=myr03NesJKxK-N6mawLIz9K_7V4wV5Rr79EErgLJbxgYguB4n6fVkOpGrFP1QfsBla5EObgd0XyZFKidBS-A9HFdtb6rPKo
103419903 Пицца Пятница 187 http://cs9-5v4.vk.me/p16/a565e141d469f8.mp3?extra=4o_cQAOvSaDtyg2ZATbHmN90cWBjrmuOvBrxr_dcZyhjp3u0qy_71ey2VJo9hAGd-jXorveaufzUxKroZv1JlDlPwOpBHA
145337261 Виталя[Джа] |Похуй молодой(Работа Recordzzz)| 228 http://cs9-4v4.vk.me/p12/73b9885f68b533.mp3?extra=AKFE_D7ygh5m6z6SP0YCxXncJOLOWx5vp0Ra6UN07yklhs3sAZngVAXM889APSpEiKwYjnlUC2IttxSi8_vx33MGrT6XeK4
202120700 |Денис RiDer ft. Дима Карташов| |Не временно | 193 http://cs9-3v4.vk.me/p21/9d6225a3c7f65c.mp3?extra=sq8H2mcNxq7a1iuoSJ2jLWIfIOblVlbX_7od_P-md1OG0ejeZC0ZBKE2fLYGRa_I0yBp_Fj2bkatZ1HvePTDc7HR04uu1g
215867580 |НеАнгелы | Роман 251 http://cs9-6v4.vk.me/p20/7fe9e0dd8eb3d3.mp3?extra=UCQPTu69pp9yuJcnQrT8f_0DYsn34YuV9ZyV8PViKoQYOUe7j7Yo42MkeAjBvjUap11cxlJr86H35dHBn_j8mq6Rk1QFMA
622392 |Би-2 &amp; Чичерина| |Мой Рок-Н-Ролл| 405 http://cs9-4v4.vk.me/p17/374bf8b1e52c10.mp3?extra=iR57Mv_DoZlf1Y8nKwJ9ljowZ63jVyVjXQeZUcf4nAE2OIOQE_KsWa5cBT0l128IzxUvq4ZJl3CUJp38QpZv
91404454 |Green Day| Holiday 232 http://cs9-2v4.vk.me/p23/dbcdae109d0c8e.mp3?extra=u5qqSOrt9HFkU5XkngPk3I8UUUkmvJnjTr0m88oLyQLc0jNDapNQbNHr4qnfL2Fqie1voJgtH5AjW3XV0oKxPBkppAk
179229845 Jandro |Ты моя любовь| 201 http://cs9-1v4.vk.me/p4/8d905cb235e9aa.mp3?extra=KABFyBIitFaBXMuKnPcAlVMHqLJn1qaQqV_7oZV_44RB2p9YwGTrepIr3gOraxWWE8r5p-oK9b-vkK3nY1zkwMjm3B6iMQ
136706363 |Дима Билан| |Так не бывает(2012)| 189 http://cs9-2v4.vk.me/p20/e08b7c61a043e9.mp3?extra=2SeT1N0QNxxDOje3IMBmFIDZgtg-TWPeFMW26bXcKcHTY_npFud4mGueYlk5BNpG9Ib-oqoFgy2kYaEdMiAS26OavD5ffw
98438093 Нервы Батареи 168 http://cs9-1v4.vk.me/p18/c5aa80ce7372c8.mp3?extra=V-8Znayk54GH9vvJHDUyyu_GDWvn5cRZXrBFMcf_hk83fzbdRVz-RDkVlNoGHafQmOCKcfZbFIqY0Qmt3suC_AdzulM
170398870 |Elvira T| |Море (2012)| 217 http://cs9-3v4.vk.me/p21/442fa27e54286b.mp3?extra=NGMtQC59yxsZ6d2OM2yoNjdo3d2oEYkWmlti1gmwkg0qc4Mt5KCu2jcM6yRJq6MYMYDslx03g7rX0u-qprMxzG8YudtthA
171849396 |Виктория Дайнеко| |Дыши(новинка 2012)| 198 http://cs9-6v4.vk.me/p21/761003de9d032f.mp3?extra=XmtVzsCaXfGJMb8TDDpJkvVPoThbFWH28Y1YaVj4tIRH1y1HvTny2Oz2a0z5kRsxggUjclee56ElsT2ApQZD8rmEryrXFw
97047561 |--^Дружилка)-)ВКонтакте^--СУПЕР КЛУБНЯК!!! НОВИНКА*Electronic Power Engineering (E.P.E)| |Let's GO (Original Mix)  || Хит Супер Electro House Hard Club Remix Январь Февраль Март Апрель Май Июнь Июль Август Сентябрь Октябрь Ноябрь Декабрь Music Clubnjak Клубняк Музыка Summer Fall Зима Весна Лето Осень Kazantip 2010-2011 BEst Лучший| 130 http://cs9-5v4.vk.me/p16/3ed4b0111c97dd.mp3?extra=VP1lMVp8tM_7erCJnFztqwC7ypW6wvT1eqNK7aIhMsWY2EW6DLNbcoGOrM8_JiVhcEOKLc079kmUjkkG0fLu61jUcNrHFA
275917606 |Денис RiDer| Будущая 243 http://cs9-14v4.vk.me/p19/2d301ce57008bf.mp3?extra=5fbU7C51uZO37lv_zzP3PDNjCKGBQHZlzSSxdEmLd1kExdMBQiytentvRODpwRRLC-qVfkfGpNGeJUF44lE6PA7BXMCiUQ
123949599 |Gustavo Lima| |Balada Boa| 208 http://cs9-3v4.vk.me/p13/24ed70b24e6d6d.mp3?extra=-Q2eedVapPHl7tZwggZu700NPGjgdw2fq9knYYr02yIPrnKQoYk8s-FNBiFh3zv9URmMnNI4AAaD2mVpYKrpATOCl3I
121570423 |Dino MC 47 feat Бьянка| |Навсегда с тобой| 250 http://cs9-1v4.vk.me/p9/056658d3e88f28.mp3?extra=RwJO3iI1aWE6od38eeJvOJ1pX4Pb3-Az4dnkG6GwoyJbG22VGSdSdNYxDHuzRI1SjtOuqN_W8pB8J3zD-jtVUXDriSZv
148878089 |Макс Корж| |В темноте(2012)| 181 http://cs9-3v4.vk.me/p19/252e9a1f955a31.mp3?extra=M310YhFu3dj0zLjxTbADA74bRyQtGYlae_wLOQMGKNYAaolvJ_orJWltQei8LkmvItpulLWDe9r8aQEa4wnT4-nlbBV9pA
238483412 |ВИА Гра| Перемирие 221 http://cs536212.vk.me/u18685816/audios/bf364b86df8d.mp3?extra=agR0XxV7vcXDHgBGR-iJZnoUUVaXI7ZIK2Kt707jjYRhmB3h4L3z-KLzl3hF8jdt9SVIPHL9lDk27I8zgzwtka5uMPWUgg
65795786 Skillet Forgiven 219 http://cs9-3v4.vk.me/p13/30837aee57e610.mp3?extra=GanZhPxS1E-_cYQWNBHVh5tIBXxGum8gCcMJ_dRWNA6ivVwyL6S7zO-ao1UG8ufJfsyAA4mFZSZ54sKkiT3gDFFyi_U
98338940 |03. Bahh Tee| |Ты - моё, я - твоё (SunJinn prod.)(2011 Bahh Tee - Руки к щекам)| 203 http://cs9-2v4.vk.me/p22/7cd3ba2b39a197.mp3?extra=mLS71XQIam0TsVjZHXUi37FrGbvcgWm-zduO48mc5K9XBaYRUDnA58tfzic9UFKha3fs9s8YwQbj8CyTMCd4gH5OTS-i
131897518 INNA |Ai Se Eu Te Pego (Radio Edit) (New Single 2012)| 203 http://cs5394.vk.me/u30398956/audios/8d106a4a5a15.mp3?extra=pWSVDZElX8e07KDE0mYN8WihtC9PrVSHkucYYcltXQ5Y8gosQDZUcz-ENIosNSt6q3MeeJZhnc8X1T-FNQkUuT2SGw4VcA
222377740 |Денис RiDer ft. RayBan| |Сделал выбор| 181 http://cs536517.vk.me/u20264568/audios/fa1a62920d29.mp3?extra=qxrCPlrTJIsjVrRacVp9EJfmnZpyL1o8MmuJrnj0wQcor1Wy3y3oO2gLinmxmaabN9njkk347yJdQxCKeX63AgJUReteIQ
99509639 Irma |I Know| 181 http://cs9-2v4.vk.me/p13/c0800479f81b2e.mp3?extra=SnCFAsCAF4jW7n4DdfwdBqlSxq3gJ7ew260EENBcugJBMEOGzpwRK6YryqyJUcznI0cfFcO7AXPDFJkjINvjJTcut5o
96263213 |System Of A Down| |Lonely Day| 167 http://cs9-1v4.vk.me/p16/1874be4626719f.mp3?extra=gpzazQ-Lt8ZJ2avpteLP3KDeBgHVExGl2c6_AfcjCR3ZG5OQWLxL91nc2u8wT_2ad2dMWks5JvnGL89JyhfNFrl2cQ
129573205 Avicii |Levels (Skrillex Remix)| 281 http://cs9-4v4.vk.me/p23/d71c1978704b83.mp3?extra=hCOM-uQu-bd2pX1OnjvDgkVckzhQpHKxr1IihN-RxLS99Q22ip7vAAI5rnbtgEbT7u3U4r-prWhOrZBlIIY7gxsioLhUr-c
89945254 |Время и Стекло| |Так выпала карта| 234 http://cs9-1v4.vk.me/p21/c0cab268e439f4.mp3?extra=Mskjj6o3_6NLIjVzgVbXUx7vvW8GG3sutGTRqzZ-xsR6dM0otgolPPn2fybssD40i7t0E6nCb0b5u5fppsRpMB69R9Cz
226096838 ZippO Река 221 http://cs9-5v4.vk.me/p13/87bf332f7d1186.mp3?extra=6dP2aM28nWAN4pK5B6T0PIw2Cb3h8VJIaX57_mjiyV_fFGJMNZJIbxojw4zNF859wqdkRkaKXXGKCSeElv3aEqdSzTtxnA
187794010 |GTA &amp; Diplo | | Boy Oh Boy| 201 http://cs9-7v4.vk.me/p9/642cfc12380eed.mp3?extra=bAOhzKGwbP7WhCTJ9y7PsEfUmaRONwWaqjak05bd9Hc0DJdDqXWx03f4VunhacTLCbv2Hled7rOd-ZL0e3IWukoZf8P2Yhs
88260811 |Limp Bizkit| |Behind Blue Eyes| 268 http://cs9-5v4.vk.me/p8/fa7a605a070c9a.mp3?extra=-bxZcdApXjYphT4n1vymGCnUiiTQF97FCRsM-Qa1Cic8gd7EMl9DPQi1M6tW3ZKX7D9fwePvKRctGPaiPzGe-7k8jqU
195852993 |Macklemore &amp; Ryan Lewis| |Thrift Shop| 132 http://cs9-5v4.vk.me/p24/34b664899965b3.mp3?extra=xrr8dhCn0iUCcHZb62MmfAhKkQY6cDomzxA6trkiyHOdEEdUHh55qG-1Jwz3wUiIUIi1WvkKOCE-uy4j-xHgboD9v8G7uA
160418416 Slim |Девочка | 230 http://cs9-4v4.vk.me/p15/f8d237cb9ac10d.mp3?extra=NwJt77vUzKxgqoaNhIMXCaESyzKpF4J78TtGmKQkThcVRUBATJutTh0U2giNXnSrrvwEBoEJFMsclo1pZKJt3bo9ZrYDTOY
127943984 |Kelly Clarkson| |Stronger (What Doesn't Kill You)| 221 http://cs9-3v4.vk.me/p16/af55eff4686391.mp3?extra=m6zyv79EIpJJn8jMuzFmI6dJLRCXAYGSQMf84plro-evcxbFtYkPRflpkDB2BMLKpwAYKS4STLvkrtVGYmYKg-tZGx6V
8601646 Баста МАМА 240 http://cs9-5v4.vk.me/p11/33cea392c9dddd.mp3?extra=NB36wkRofyU4O8jgRpJpmzA8vIJ7oq5tjJA-h6fBifhMSaWtj5qP8E0M-DdZQS1rMgQ--QUQ3Umr5_e45mp81kp3fw
127171688 |Ева Польна| |Я тебя тоже нет (Je T'aime)| 259 http://cs9-3v4.vk.me/p1/bca1ff51768a2c.mp3?extra=96Gy_UrCfETDno-kkcgT_ccRdYlHxfNu-m52oOO0zEAiGWd5aAHHhEnKIvfF2b6RyG05T6s85XNJ2KeDpGkhNn_mzPCVupo
98432567 |Dr. Dre Feat. Eminem &amp; Skylar Grey| |I Need A Doctor ( 2011 )| 283 http://cs9-4v4.vk.me/p21/8a40235cc0a943.mp3?extra=n4x7ArIz0JQ4fO5kiq6YnHa5iCUBNgusnDXbx1-hgdY0P8OtLaHsk1mNLkR-6z9XZHtmiaDXjke63pf-Csz8WwICr4s
206825880 |Dramma ft Luna Dilemma | |Проверяй (Domich prod)| 222 http://cs9-7v4.vk.me/p19/8e6bef7b1fc33f.mp3?extra=I6tLkqPYZ-txdGZEzYdCBS3JIWbBcLNPxfMtMTG2e_bquKHlHx-BRK_EqMPPBZnrRelcziw07L5ojo2ire1mlyX2DfWTXg
161881632 |Swedish House Mafia feat. John Martin| |Don't You Worry Child (Radio Edit)| 212 http://cs9-2v4.vk.me/p3/3a0052b3c05587.mp3?extra=qHt6cy-huitr1_cXaGrFt-APv5wyL4BPYa-Olg5vvr9AruydlPZAMp-xEcMibQaZ52aJ9CJbJeXymkzpyZxzjT99xxmOcIA
164952783 |Amelia Lily| |You Bring Me Joy (2012) | 231 http://cs9-5v4.vk.me/p14/93653a7bf2af72.mp3?extra=VvzBwq85d78eLlJA1OXuh4NAgM6tbkRVmddfMGhWuKcZCRkIVVrkWv9V6GKZAxAxguFZ8qBXfwZCS3AzMdiVJjGwa9Xq
282596980 |Новинки DFM 2014| |Indila - Derniere Danse (Emil Lassaria Radio Edit)| 189 http://cs9-6v4.vk.me/p11/52444af1b05b85.mp3?extra=Ahahuthu3mJz_gDafRsYnuwvai6Eky1I__ZPJNTfszC3hogtTi42GIxx_eJ-XkyAgw-t3VOT1qbSTshyCo-8Ohty5GNDSBg
148756914 |Linkin Park| |Burn It Down | 231 http://cs9-1v4.vk.me/p17/ab6a54fbf94fc9.mp3?extra=czimNS-D2_YCeEppLpyG6lQtKGNlLz0DW8dPxqNTQXhr3xgBTnK5-eyrAfMGrk3vhgMTc4Dy2LtVW-Jh0EzCCXYUrABEOQ
244507516 HOMIE Дура 195 http://cs9-15v4.vk.me/p14/ac46c4df60ef0e.mp3?extra=0YHpcb4mwPc-5I1Olu3OwM3IKTQM43GLq_4ZtkQMAVKo4zcvftS8XY92dCFTLaVg7cx9ewagbojv00z923fJpAa5GTSC
110680082 LMFAO |I am Sexy and I Know it| 199 http://cs9-6v4.vk.me/p8/3f5226f377770d.mp3?extra=sKCt7ZVg6lllp9bWYcCxSd9svBiQmwfS-i-J2weWQlDHgkJfq6fMDgWX8AI44vHvRgktJ0CJqHkGomQ1D0QNnY0lmPAExw
259597631 |5sta Family &amp; DJ Pankratov | |Моя мелодия| 184 http://cs9-7v4.vk.me/p2/b369ab404f8afe.mp3?extra=7j7xvwMFatfkroMTQ6l0wD675M7DVrOpZ_1ncV0_GAQbIpziOv2BmCRCZhvJ59InSPDPR6tt7MUAzaGMnQTAQ9ZoAT6cOQ
128144813 |Тбили &amp; Жека Кто ТАМ?| |Ночь (Denim prod.)| 197 http://cs9-6v4.vk.me/p13/a70c0f7ce5aba6.mp3?extra=kF1YOfEwR0WjDEfVAsyTJTnaeNieg73IOe7w4UjdPjFNEDNd-7tcYpCNM5gkJlJBNEHvwsD78rnNn2_5ni2Cag0pahr54A
148878157 |Макс Корж| |Где я| 209 http://cs9-5v4.vk.me/p2/58d2ec6d18d556.mp3?extra=ZPIIvpSC1s8TUrdJUDGat7S2TAaPyxFmg6jZALE_0w2IxlEmzlPiyWT0HSMc2dvY4gPsxlMMSu1UD8X6ywufv7yBrK04VQ
120077343 |Meg &amp; Dia| |Monster (DotEXE Remix)| 222 http://cs9-4v4.vk.me/p15/238386ca69491f.mp3?extra=Z3sBk6N4UcyZ0SpYIhq2N919fDJQT8QgcrTVYiai3Qrj88XLQ8stgvtq4pkOjk-NaRYvI8h-K6W1LCuRCUAhc0EiCKAXkA
98504501 Nickelback |We Will Rock You (Queen Cover)| 120 http://cs9-3v4.vk.me/p12/06ef372c917895.mp3?extra=iBMpXnpx3_6wJlSrAD6QEaLyIg1ROxiVnhYM9bcRQMgPVvCtNEYpeSGcVnNn9HHb2rhfVmEVlVfl3_TvkrAXJXqR3nk
291766035 ZippO |Держи её за руку| 192 http://cs9-8v4.vk.me/p22/76c0a670cce228.mp3?extra=JubSb5BZ3s0SP1iV7nsRDur5E_Spsa0IW_KkwVCbpxW5xuHdpBdRK8KWShP1NuNQ5dnd-aDWAQCgTvY_SqqHGVraMMVuVQ
90601306 |Реп про любовь*| |я никогда не любил так, как я люблю тебя живу тобой, дышу тобой, другой мне не надо... | 198 http://cs9-1v4.vk.me/p4/d5b75d0c110601.mp3?extra=lmvhsgU3SDfL9mOZnj4EUCFd4KvE2scSSa07tWgjQvFo98wPajHvzfHjwUDPViIMEkBAsNk1bdSBmlGUcCZZzmRpXcaN
118694380 |Иван Дорн| |Северное Сияние| 211 http://cs9-4v4.vk.me/p14/43e69dd7963149.mp3?extra=56lgUVeMcwoh1L0h0qq8ZlUbi4cXF14qdGrZR6dfijv1V4K4iQSGOFdbIJyKJm6G8SwRvmenfsHx6NODY1ZfHLa8Gi3I
113941076 |dj 2012 [vkhp.net]| |Электро 2010,Электро,Электронные,Club raй,РАЙ,Клуб рай,Raй,Бассы,Басc,Рай,Клубняк 2010,Супер,Клубняк,RAй| 221 http://cs9-1v4.vk.me/p8/1034675364f607.mp3?extra=qQDfdU-FL3hCcTsS8QEUG50P3Ofjp5Z2Dsarirttuw8LiQ4wvMqAi-20hnuJCrJjqAUUC9W1zxktjuXV7TlZ99WqJHL5ch4
155074053 |Клубняк 2012 (ЛЕТО)| |http://vk.com/dancedanc клубняк 2012, новинка, бомба, супер трек, mp3. best. хит лета 2012, sansation. ак 47, витя ак, новинки 2012м| 267 http://cs9-4v4.vk.me/p19/26cdad5cebb046.mp3?extra=hsM5OOi_aEC2I3JrqeA6IFsp17ppAeWhlkgezu-THZvJG_qW5ckedh7LBa9YMqCZLsdrXZ4TMEtDfXg6kmYK6t5kid56rw
116779544 Jandro |Я помню| 237 http://cs9-5v4.vk.me/p7/fa560236f4943b.mp3?extra=qHTPT2SiA9RcDkBUxfRbC6fAmH3a_0PKLzeCPSjlJssEA10R-nHF7aQwrlIGVAcnNHTzXgo7Ih46jjh_BO1g9_ftzLUjYQ
212533908 |James Arthur| Impossible 198 http://cs9-10v4.vk.me/p22/6d82ec27eedeb8.mp3?extra=gq6TYWZNud_SFTFJXf6nE1cTLYNDBnqSdSkf_vEcLLv7fQ0yq7uOrfRMiKEKuUb6F6IIxrt1K0Uktxo6X36Z5c4uAssktg
98150916 Баста |плановая.... плановая... моя девочка родная..добрая и ласковая...| 243 http://cs9-1v4.vk.me/p9/ced6bb833b3864.mp3?extra=lFksSEdpb_7lPYdJxSCg_fHYiTbyJ7fuEPQUpK2ncltPVEVwfHVlOlpioPdqMv1u8JzPxmanIPj_w9j_I5VlUkpWdv30
173000746 |Гуф [Сам И (2012)]| |19. Письмо домой| 277 http://cs9-3v4.vk.me/p8/f7fad8e87fce20.mp3?extra=Gd8LaAvkkZSvP1PI8TNRcGGi1F2vWwCfKJyu1b7a3BC_PRwZNIMe_3AybJFH3xdtQ-UGfeHVxZginEMLzNY4FYPu7GYnnQc
148156694 ГАМОРА |Дети солнца| 160 http://cs9-1v4.vk.me/p11/a6f1361b4bc84f.mp3?extra=ht7xgFoF3xKhU6JoasTl4FibpncWr95pA9Y45zVYvXfM_OexitUP76TGa3u_RsZjV5xUAZM2vygd7wf2BlJgqd_8SWiydg
268499350 |Alyosha/Алеша | Безоружная 192 http://cs9-3v4.vk.me/p7/c4b737b93eeca6.mp3?extra=Xz5ukkGlCeDJaD62fESEUXoZdM395E5wTd6jt1NKGBtiPn9gPJtwOCPcX12dC9ZDc7A2iOQvKJt3uBOCa6JBLscdolkVsvc
101808970 |Guf и Баста| |Он уходил| 220 http://cs9-2v4.vk.me/p24/46b5543b6df5f7.mp3?extra=UgRmiwjLGEkIc27GrWteuBitCEXTe-cSjmnfZKZljx5THn5dvwKJZiSb6zmb19X4-G-YcmmgL-lG_uBXGWRtVrkvNrawOQ
98339963 |01. Bahh Tee| |Любовь - это... (SunJinn prod.)(2011 Bahh Tee - Руки к щекам)| 296 http://cs9-2v4.vk.me/p8/4b1c96c3e26a10.mp3?extra=-Xio3tBIy_B8wnVYp_mjCvz5cVsTjwq76XiIA5rVxgQphbYQoUxGDUnLfT-2bRvEPMoUsQKzxfij830xbx3HSA6s-qoi
115341333 |Мурат Тхагалегов| |тёмная ночь| 222 http://cs9-4v4.vk.me/p10/526fc1b82183e2.mp3?extra=v2m4L6FDJ86lsiBQEvX1dFkjfLj2Nef-TgJhB2tYfbvlMtA5XexwXJD1On7xXPW7L_TTIU2oG_BpdC495EWvQQ1Qk-WY
241996582 |Джиган | |Береги любовь (feat. Лоя) [2013]| 181 http://cs9-12v4.vk.me/p3/266bbeda8f9fe9.mp3?extra=PQto5RAFifOfMTd1H7mEv6T8IutgVY2A3qnNGL7KVWxEE4BmRoNrNWN1b8XfrpfLqmtJT1v-J9ZIthpfjlCXSODivub89T8
228996624 |Mike Will Made It feat. Miley Cyrus, Wiz Khalifa &amp; Juicy J| 23 252 http://cs536510.vk.me/u113125984/audios/6fa92f8023c3.mp3?extra=fraPEltJYeAaVpj4Ozy65zMPRW9eL1AbWP5-wKa5CF1lh2Qm0Pe4DcQ-fw_hoWXqJXZz4lWx3kEsCfEsbZhB4ffngwCo
72583074 |The Prodigy| Omen 216 http://cs9-4v4.vk.me/p24/e12ef5a9d986c9.mp3?extra=9y7z7wJDtRaxSdh5eqwS2t7bEzxFJS-naBJxGFHz3XplXoglkdEg7xW99eDEaWkVJDthN1JJ4D5WxvzOeUojjq6AQN0
84154302 |Don Omar feat. Lucenzo| |Danza Kuduro| 199 http://cs9-5v4.vk.me/p14/70017dcd5300fb.mp3?extra=3mCNSNn8LsOew4lC23jkN20I-iSC4mRwmC8NStIXJyDjVzmp30_d2z-CjOABTyIfROqacWkKeZwHpUg-_jwWCH1pJBs
113729887 |Дима Карташов| |Счастливые бывшим не пишут (2011)| 192 http://cs9-2v4.vk.me/p1/504d5961df7bc7.mp3?extra=vsi9Qu5W3m8D7huQjbml_2uBFHCTCkK4kKKIlZdWUACW5CMn_lai2Q2lsbTSi5sql4RD22N7kzYK6IcGXJauducqiapnbQ
238797893 Пицца Вторник 204 http://cs9-15v4.vk.me/p13/6384068a49f11b.mp3?extra=asG8knl-XX3Twmt3g6c5pUALWk-vdD7Ec8y-6xBAdwSs4g-YCm70wP5q4mUhoLCoKJ14VrdTGXhx1bf2azyUyYQWeQbXAzU
223813235 |Эльбрус Джанмирзоев| |Пальчиками По Коже 2013 || GiYaS| 193 http://cs6134.vk.me/u30375293/audios/68dfac586da3.mp3?extra=lHTpdp_UqpWj04vewXwGQhZ2IAqcqm9fOX2IIyzFNUs9KQoaOhv0xLYOxrx5UBzK0zdTSV7JvCQCTRxrAit-M421s7UCrQ
89249791 |Баста  &amp;  Бумбокс| |Здесь даже солнца не видно| 300 http://cs9-5v4.vk.me/p6/37382513336612.mp3?extra=Yv3RgLpkilexIQMefAWN69XhBS70DbraLEz6Y0fyQSMbBAHmYj-Ua_yogYGtYcLG1jf5TdWKoECER2m_cabIVq71stXX
255619803 |Вера Брежнева| |Доброе утро| 225 http://cs9-14v4.vk.me/p18/1201c30557701a.mp3?extra=Xv9LuyeML7MHM2bmyE0vX9Vf79kJwZbh-z28JuXouY5xEYwYej-EfGurO3PdaIQ5Zp2MAgSv6GQnMkS2PZxQ97tyHDeajSs
188573972 kavabanga-amp-Depo-amp-kolibri |однажды нас не станет| 201 http://cs9-1v4.vk.me/p17/a0226b63e4dca6.mp3?extra=whi-TFlH4IDR6Sbz5SMtYHWYi3nndkKz-KUY_qVOkkOH6pQuzt6YVw6QRO3iNAPxWkx51SUpZVkAKluB0IcphDfp_DUP8b4
81934299 Eminem Superman 350 http://cs9-6v4.vk.me/p6/8fe7f8820feaf6.mp3?extra=9eEdEZlKlNksLqenQ_Qe-XHMzkqjKMjKY4-a5ZGtf_2P3nkay9cKZvVwHxZHOlDftl34zOk3qT0KRkkBhwvv5wBos5M
125856884 |Дима Карташов| |Очень хочет, но не напишет (11.11.11)| 200 http://cs9-1v4.vk.me/p6/653ba0dcdc6e3a.mp3?extra=63amMr98IueOsM15ooZ8i2ASkKRTsnOyqibEfqJ9DyWz6qPmoXB5KcpXcCv-ETDbXDWJV_0EFynQOgZac9nx_ebyLWRT
133305085 |Та Сторона | |Не бывает так| 279 http://cs9-4v4.vk.me/p19/e182e15cce3d7e.mp3?extra=4NQps2R5kHi7BcW6eRCiZTiayr8wQyoy_E3p5YSONcZoFdAY2yfjj6rbENciTxikICmUh_uN6CJU6VpkEsp03iPhTbtMpQ
6399084 Многоточие |В Жизни Так Бывает...| 267 http://cs9-2v4.vk.me/p4/ed334d2c1b84da.mp3?extra=vkYQQYOYlAe7vCqjMGfp9EuSMjXm6TQTE10_0mnMWLRsDBVeGxH_zo4giCkWc5GDLntZH-TAlLXG8km_qaTH-u3W
83840675 Nickelback |If Today Was Your Last Day| 248 http://cs9-2v4.vk.me/p15/f38685c848e80c.mp3?extra=X49YcpvHdVxXo-v9a07G4-PcFgINJKGTAjaBFTRrRgHLcN1flTE2wF0tcJDTXr4KytJNWGhWhYpwNwUfxS67EnUrrWSZ
206908685 Винтаж |Знак Водолея| 273 http://cs9-3v4.vk.me/p23/ece86b67dc5bac.mp3?extra=hf37U3xhieksJT7jYOGBv95f3SLrkQ7LqpDSMHB_wZPYY3dIcuUGIBi7nlh0DfMeeUAOnskr5XCEVWcLigKbNqmuVbDtEKA
143673799 KReeD |Я тебя цепляю..| 152 http://cs9-1v4.vk.me/p21/c45f467f5de09c.mp3?extra=dD2Of09af5bzVHVX68ccItRaoTR9V0Laqa_G4RaslvurNMj7ehG6N5IP7yQix1QksbjqlLpUS5ilRpj_tnaXspgmUX45EGI
111748444 Dorian |La Tormenta De Arena (OST Три метра над уровнем неба  2010)| 306 http://cs9-3v4.vk.me/p4/9abe7925c10434.mp3?extra=5tjkgMjhWD9YPVZmNbQj3NFrIvPhh1_27P6765BYP-zWK0IUsnI27pK703Sy_H5o01pp2O0wBW1pO0apqfwZFLMPsspKGA
121120538 |Sean Paul| |She Doesn't Mind| 228 http://cs9-2v4.vk.me/p24/83e3e323c3ba33.mp3?extra=BmNlQfk2gDYVjZ1WXuRRtuXyeZrNTMh72Vp3dxBm1--IqH7L1QMZtcmUFSzxEir-b0Q1nMNFSO0uejCd5w-2hcvAkAv4PQ
82457100 Shot |Обними Меня (классный грустный рэп)| 201 http://cs9-3v4.vk.me/p9/09718c81943511.mp3?extra=ZM6ClnY2fHK7ciga4TAleh5naM56XCaqmajyJoiSXUtBsuol6l-QgBGOFJuJldQs6Zartg5GVGzv4yLAYcJtMQ_StTcL
103746989 Гайтана |Он самый лучший для меня...*| 296 http://cs9-1v4.vk.me/p2/1c39a1886b4ad3.mp3?extra=2gAgjMLTxJoZ3wiVqs8IreP9f65Ki3IOaGNYXq9mqbIj6snb9Kz02H33NvlAZb4-6M6P764xKAb4SNjWGo-iXULS7C9p
114839942 Клубняк |2011 - звук с кс качает супер басс качай CS лучший клубняк бест стоп stop non stop нон стоп музон рулит rocket tuch feel| 167 http://cs9-6v4.vk.me/p21/0befb5ae8f753d.mp3?extra=dUdhLN1HD8IWBeegrelfhV5ETZzFT5NOYn7KKiLm_RhYGqYDZbbxC9qczy6V0xJuyez8UtObirsBZMqTtJacg-o0WA9O9g
73130551 Сплин |Моё Серце| 249 http://cs9-2v4.vk.me/p18/8fe3a4f434aba5.mp3?extra=W6rwK7lYgoNfVaPCZkqCD5dyk6PZOIyYqJikZvvfTtYNWyqVMJ18CvQrHplBsf5zYC52sTkYdhesaMObLwg-jR1Ebe9A
100658734 |Three Days Grace| Pain 203 http://cs9-2v4.vk.me/p3/3ef21d40615d25.mp3?extra=gNIwxd_NsQXbvqaotFcKVWoRsBq9iwkHxblXWLxiT8HralCE7-4NUpQYQL46BTfeT2n_E7s2FcuIdtvSCkvsjF8BBKvT
90406512 |The Offspring| |You're Gonna Go Far, Kid| 177 http://cs9-1v4.vk.me/p7/beafd2ed1b8e0f.mp3?extra=5ZDW3vsy_hRp_SWVMjdVmZ0bvZgMbUSgxQreLQbl-vStx37S7P49bE5c_UuJRXDHSFWRFdbHAM_hW_nfInIqhewHCda0
74849606 |Red Hot Chili Peppers| |Cant Stop| 269 http://cs9-6v4.vk.me/p16/ef434885f93c68.mp3?extra=At9eRPvgsj2bbHoo_h7UKuesrf0dyl4EyNwv7LjKUJ50LW73OlpW8nx2NcGjngUv2gs0k8Di0h2GAN3QcoLglBsLWpCD
251125636 |Enrique Iglesias feat. Gente De Zona &amp; Descemer Bueno| |Bailando  [New Music - vk.com/nomuzlife]| 242 http://cs9-14v4.vk.me/p18/e4a2118b9bdecb.mp3?extra=m9ZmLl8uxk8HDn3F6Hl4pkBrIW34zjqqJpXCV-ZivtMzh2o9j60MIEJwiWUHYeY7xi-sd4xJOIOnnNRRAsB7CK-AKQn9EA
81906027 Abba |Happy New Year| 264 http://cs9-3v4.vk.me/p19/3bcca523f84588.mp3?extra=_Nq1w242szwWSo1Vyn7v_8cCCEXCjB3M2mFfhTNeH2vW4gQrw2zS2YTZbtdE7vXThbF0pRo5RHbXTfjn97ONHU8JwE4
124405037 |Птаха а.к.а Зануда| |Не забуду| 215 http://cs9-2v4.vk.me/p17/165a7230579136.mp3?extra=WLVhSj4ExQrnn1H0tZdohqqG5r1C9aCcH2Oz6ihpm3rtjDcJFh10jhQdH4z1BRpylsZ6rc6nUUoBHrDFi5KZdLuVprQ9Kg
173000304 |Гуф [Сам И (2012)]| |15. Новенький| 198 http://cs9-3v4.vk.me/p13/e055f07c79df57.mp3?extra=-0fNFFEcZb9g_fuUWKada3jGgNGNf0RyVQA51j7dT7bOA057D_x52kUxwI_qLQHUk842-2kbJSTdFl6kjPnbfIXiB_LEhE8
104480262 Нервы |Кофе мой друг| 188 http://cs9-1v4.vk.me/p2/054de443384288.mp3?extra=OSjXi-QMF57qEEYBs_6YtXVIfCj4T1Dv5YTvVQA3zk_SPrS_0HiKP6CNyzZnoN6-QrjLhtQR2g4hgJF-KrShaTzW8vUW
122604938 |Артем Татищевский| |Сегодня я умру для тебя| 248 http://cs9-6v4.vk.me/p4/c71926774575ac.mp3?extra=-XnKGH1la7ol4pLHF1PwpDYAOtWsiul61BjjIItF-ySvnAV8C_gRUkZ8SYAhtMDTQ_TRDEwURcbYA2iZhEzD0T2mSCpXQQ
87636145 |Gorky Park| |Moscow Calling| 308 http://cs9-1v4.vk.me/p24/0bd4e75a585fa8.mp3?extra=IFcmvaX6Qgaf78mL23fyn77YdOFKNudhc-RJKIple7fLBBTGOmt9iwhDLNLmuAXIqYgghEx9thKydbHN2idga_3q-PNf
184504801 |Avicii vs. Nicky Romero| |I Could Be The One (Radio Edit)| 208 http://cs9-5v4.vk.me/p17/85691fd83b8cd3.mp3?extra=MF7cEdh2tjPjsDzh2zMj1Gvyj6gtmkZAn1DqsqzpmETZpHdPBmZOCCqe1ObdR1ZqD75oB8pg2cNLIE7aHSi52kerk9kb
127970411 |Тбили &amp; Жека Кто ТАМ| |Бывшая (Деним prod)| 166 http://cs9-3v4.vk.me/p23/8931ee49da1d73.mp3?extra=FmfMnWFp2jAurVvvUUZ1N9-P2Hhf08tgRRAvUdudWuuQ5L7Fyc4zc2Y4aFZuMOR6mUBxCNdNjYFPqxu4yVdzBBxXk54zhA
92163096 ♥Баста♥ |А я её любил,да и сейчас люблю!Кричал ей в след-уйдёшь, а я буду всегда тебя одну любить !| 245 http://cs9-4v4.vk.me/p7/d53efe8de3fd80.mp3?extra=KswfN-bsJAnMCUJ9IOEpS9IUJzH7MVTT1ofbQNyAgO5kM5yYo1SIPXTeBq3XfwsyXp8WGSyaD4iJSATJ952AuZVoaW2I
55808888 Alphaville |Forever Young| 226 http://cs9-2v4.vk.me/p7/249e589b916c46.mp3?extra=aAwOX8J8jq0CAYrstcQJwCh047IKdaht9Mw_1jpQ-WFPYe90caxH4VNKUpMDS5E82EjnFFTZTpMFRe6TSIoQDwCa5Q
113858551 |Nayer feat Pitbull &amp; Mohombi| |Suavemente (Kiss Me Softly)(2011)| 222 http://cs9-3v4.vk.me/p23/23b84f692b96d3.mp3?extra=z2AmPwSwsdYGyDwjkvt1Ho1xrv_oeNrLkfNQRRu3S2PXtZVDD8cIwMsxInvdpHLj7EABgbxXnA9drlwZ51k6NSKllEM
236513264 |Glenn Morrison feat. Islov| Goodbye 202 http://cs9-5v4.vk.me/p20/9d85983c7ca87e.mp3?extra=EFYWUPVANLFG98_oMX7DBWAvvqw6X_5Mjt2BZzv-1Of0_8XbtXHqV4_C2HeJ8AnU6fATK_p5rtN8P1E3Er_JjTTC80JUjQ
82766482 | Linkin Park| |Leave Out All The Rest| 200 http://cs9-2v4.vk.me/p3/3f055ea2937573.mp3?extra=lIKAXLb5djvKOXvf8-lrQzm_keKMuh99GkENKgJrNCBJUAayRvuBWG-0dT8if0Tkle9yFzg-K-K99B25I9YsyWOSSBXy
145387846 RiDer |А ты мне объясни, зачем любили мы.| 193 http://cs9-3v4.vk.me/p24/714119d2b77a4d.mp3?extra=sg4v57brfMRoHtXWNJxyBTEERCLmNg5ZSn4TUlkDklDNXr7rbu-dX92GBsBXT5y23BSqG6f0K4RIOw8WYC8DbnLp7QzwBA
149947990 |Artik pres. Asti| Облака 219 http://cs9-4v4.vk.me/p12/acf1c0a6df1342.mp3?extra=3y14p7DBns2zaWjI7rXzWwp3BEEba86peePH_Zqf5TN-S4PCyZ_EHR7AYrY3b49TXqUuUrqy-7O1IUoxmefwPExdINXswQ
137131162 |Ани Лорак| |Обними Меня Крепче (НОВИНКА 2012)| 213 http://cs9-6v4.vk.me/p16/51cfed69b3fe85.mp3?extra=reCG1TMExUikGmvy15-FwldgTJRtFKj-3hgZerm0I_kZbv8o0c62SXfeLuGgEWJ1g-FoncqgRJmCq2f8OwDmryOyI2Tamw
233153238 |Pitbull Feat. Ke$ha| Timber 204 http://cs9-1v4.vk.me/p4/6c729a55515009.mp3?extra=97ZgBEz6FKUQ93sXo3e5y2ZO9SeNOPcWBf9kg_NTrHouQqnPJhXnKsllqP82nqWizwvdAFb7so5G-o0Os4lz2kfQEqoJypY
97227696 Градусы |Голая | 247 http://cs9-1v4.vk.me/p18/15fd0e740937b4.mp3?extra=kaP4TlCTKDYd_1-IS4FBkGpZvRhrOhCN5rO0DJ4exghIQMVIokrs3eT1nqcmFAOr4Yz-QuoMOY2617BK_ARYIirr4dIT
120670698 |Иван Дорн| |Как я люблю тебя, ты не заметила...| 184 http://cs9-4v4.vk.me/p21/cb486a9a3a3d55.mp3?extra=IA63ZmDb3n1xOjd_ecvsmNi-877SOA6FQEm31XX4SYGBiKyBpj3vRWKtW48UlMeaXKi4C1Edc8-UPri4IJs7jtdskVNWVw
174144510 |Black Veil Brides| |In the End| 228 http://cs9-4v4.vk.me/p8/696a2d92d46d6a.mp3?extra=6eh1elEbmKKk9RclAN1XnvF8ygRb3rmtwQq6OZS4WMQj47dp4JG1FXqm6pXwJSelK4EDEo5qV1wAk_11wOQAjfCjScfkOxw
78783264 |The Beatles| Yesterday 130 http://cs9-4v4.vk.me/p9/284005dffd513e.mp3?extra=RBJyE_Hw3DhftxkATuVNXSUit6VaSCFB3ecRgr-mQH6VOukPGcgDPVfFNGmWURBiJEGcQzEmsIH3dD4ywch4S3euIkg
115927962 |Lil Wayne Ft. Bruno Mars| Mirror 228 http://cs9-1v4.vk.me/p8/3a7631d2deec8d.mp3?extra=7QKHc-zwPbMUrTKURBIOo4kzdPF9U60ikewFkPJPDTt6CzcchG6Vxj4R1JPhXXsftGe7Gx5sR-xrvGnLDM8uH7UJ0YL2
95272288 |Вика Дайнеко| |Сотри его из Memory| 207 http://cs9-3v4.vk.me/p15/bab805a1b34be0.mp3?extra=XKpQFVQIi9hkg0oS0gKPrdtPISy1crrZDhjIp0mbpSOPdStAMx2Xetq3YjQWpEE8USUhtnKLxM6xoEpF52CzpuGxPUAJ
69511440 |Bahh Tee| |Будь ты ветром (http://vkontakte.ru/id770759)| 215 http://cs9-3v4.vk.me/p19/ce46ba546c5981.mp3?extra=WeKGgOpNxFVR_hE5wfJd9ZImHj_7Af8lYUH2uZlNFDGDHeQDUHWF7fcD-Hn9-euR1TYEFwh235CyCf3bRxITCr9Orw
